公历日期,星期,农历年,农历月,农历日,年干支,属相,闰月,月干支,日干支,节气,节气时间,公历节日,农历节日,特殊节日,数九数伏
2020/1/1,星期三,2019,腊月,初七,己亥,猪,0,丙子,癸卯,,,元旦,,,二九第二天
2020/1/2,星期四,2019,腊月,初八,己亥,猪,0,丙子,甲辰,,,,腊八节,,二九第三天
2020/1/3,星期五,2019,腊月,初九,己亥,猪,0,丙子,乙巳,,,,,,二九第四天
2020/1/4,星期六,2019,腊月,初十 ,己亥,猪,0,丙子,丙午,,,,,,二九第五天
2020/1/5,星期日,2019,腊月,十一,己亥,猪,0,丙子,丁未,,,,,,二九第六天
2020/1/6,星期一,2019,腊月,十二,己亥,猪,0,丁丑,戊申,小寒,5:29:59,,,,二九第七天
2020/1/7,星期二,2019,腊月,十三,己亥,猪,0,丁丑,己酉,,,,,,二九第八天
2020/1/8,星期三,2019,腊月,十四,己亥,猪,0,丁丑,庚戌,,,,,,二九第九天
2020/1/9,星期四,2019,腊月,十五,己亥,猪,0,丁丑,辛亥,,,,,,三九第一天
2020/1/10,星期五,2019,腊月,十六,己亥,猪,0,丁丑,壬子,,,,,,三九第二天
2020/1/11,星期六,2019,腊月,十七,己亥,猪,0,丁丑,癸丑,,,,,,三九第三天
2020/1/12,星期日,2019,腊月,十八,己亥,猪,0,丁丑,甲寅,,,,,,三九第四天
2020/1/13,星期一,2019,腊月,十九,己亥,猪,0,丁丑,乙卯,,,,,,三九第五天
2020/1/14,星期二,2019,腊月,二十,己亥,猪,0,丁丑,丙辰,,,,,,三九第六天
2020/1/15,星期三,2019,腊月,廿一,己亥,猪,0,丁丑,丁巳,,,,,,三九第七天
2020/1/16,星期四,2019,腊月,廿二,己亥,猪,0,丁丑,戊午,,,,,,三九第八天
2020/1/17,星期五,2019,腊月,廿三,己亥,猪,0,丁丑,己未,,,,小年,,三九第九天
2020/1/18,星期六,2019,腊月,廿四,己亥,猪,0,丁丑,庚申,,,,,,四九第一天
2020/1/19,星期日,2019,腊月,廿五,己亥,猪,0,丁丑,辛酉,,,,,,四九第二天
2020/1/20,星期一,2019,腊月,廿六,己亥,猪,0,丁丑,壬戌,大寒,22:54:33,,,,四九第三天
2020/1/21,星期二,2019,腊月,廿七,己亥,猪,0,丁丑,癸亥,,,,,,四九第四天
2020/1/22,星期三,2019,腊月,廿八,己亥,猪,0,丁丑,甲子,,,,,,四九第五天
2020/1/23,星期四,2019,腊月,廿九,己亥,猪,0,丁丑,乙丑,,,,,,四九第六天
2020/1/24,星期五,2019,腊月,三十,己亥,猪,0,丁丑,丙寅,,,,除夕,,四九第七天
2020/1/25,星期六,2020,正月,初一,庚子,鼠,0,己丑,丁卯,,,,春节,,四九第八天
2020/1/26,星期日,2020,正月,初二,庚子,鼠,4,己丑,戊辰,,,,,,四九第九天
2020/1/27,星期一,2020,正月,初三,庚子,鼠,4,己丑,己巳,,,,,,五九第一天
2020/1/28,星期二,2020,正月,初四,庚子,鼠,4,己丑,庚午,,,,,,五九第二天
2020/1/29,星期三,2020,正月,初五,庚子,鼠,4,己丑,辛未,,,,,,五九第三天
2020/1/30,星期四,2020,正月,初六,庚子,鼠,4,己丑,壬申,,,,,,五九第四天
2020/1/31,星期五,2020,正月,初七,庚子,鼠,4,己丑,癸酉,,,,,,五九第五天
2020/2/1,星期六,2020,正月,初八,庚子,鼠,4,己丑,甲戌,,,,,,五九第六天
2020/2/2,星期日,2020,正月,初九,庚子,鼠,4,己丑,乙亥,,,,,,五九第七天
2020/2/3,星期一,2020,正月,初十 ,庚子,鼠,4,己丑,丙子,,,,,,五九第八天
2020/2/4,星期二,2020,正月,十一,庚子,鼠,4,戊寅,丁丑,立春,17:03:12,,,,五九第九天
2020/2/5,星期三,2020,正月,十二,庚子,鼠,4,戊寅,戊寅,,,,,,六九第一天
2020/2/6,星期四,2020,正月,十三,庚子,鼠,4,戊寅,己卯,,,,,,六九第二天
2020/2/7,星期五,2020,正月,十四,庚子,鼠,4,戊寅,庚辰,,,,,,六九第三天
2020/2/8,星期六,2020,正月,十五,庚子,鼠,4,戊寅,辛巳,,,,元宵节,,六九第四天
2020/2/9,星期日,2020,正月,十六,庚子,鼠,4,戊寅,壬午,,,,,,六九第五天
2020/2/10,星期一,2020,正月,十七,庚子,鼠,4,戊寅,癸未,,,,,,六九第六天
2020/2/11,星期二,2020,正月,十八,庚子,鼠,4,戊寅,甲申,,,,,,六九第七天
2020/2/12,星期三,2020,正月,十九,庚子,鼠,4,戊寅,乙酉,,,,,,六九第八天
2020/2/13,星期四,2020,正月,二十,庚子,鼠,4,戊寅,丙戌,,,,,,六九第九天
2020/2/14,星期五,2020,正月,廿一,庚子,鼠,4,戊寅,丁亥,,,情人节,,,七九第一天
2020/2/15,星期六,2020,正月,廿二,庚子,鼠,4,戊寅,戊子,,,,,,七九第二天
2020/2/16,星期日,2020,正月,廿三,庚子,鼠,4,戊寅,己丑,,,,,,七九第三天
2020/2/17,星期一,2020,正月,廿四,庚子,鼠,4,戊寅,庚寅,,,,,,七九第四天
2020/2/18,星期二,2020,正月,廿五,庚子,鼠,4,戊寅,辛卯,,,,,,七九第五天
2020/2/19,星期三,2020,正月,廿六,庚子,鼠,4,戊寅,壬辰,雨水,12:56:53,,,,七九第六天
2020/2/20,星期四,2020,正月,廿七,庚子,鼠,4,戊寅,癸巳,,,,,,七九第七天
2020/2/21,星期五,2020,正月,廿八,庚子,鼠,4,戊寅,甲午,,,,,,七九第八天
2020/2/22,星期六,2020,正月,廿九,庚子,鼠,4,戊寅,乙未,,,,,,七九第九天
2020/2/23,星期日,2020,二月,初一,庚子,鼠,4,戊寅,丙申,,,,,,八九第一天
2020/2/24,星期一,2020,二月,初二,庚子,鼠,4,戊寅,丁酉,,,,龙抬头,,八九第二天
2020/2/25,星期二,2020,二月,初三,庚子,鼠,4,戊寅,戊戌,,,,,,八九第三天
2020/2/26,星期三,2020,二月,初四,庚子,鼠,4,戊寅,己亥,,,,,,八九第四天
2020/2/27,星期四,2020,二月,初五,庚子,鼠,4,戊寅,庚子,,,,,,八九第五天
2020/2/28,星期五,2020,二月,初六,庚子,鼠,4,戊寅,辛丑,,,,,,八九第六天
2020/2/29,星期六,2020,二月,初七,庚子,鼠,4,戊寅,壬寅,,,,,,八九第七天
2020/3/1,星期日,2020,二月,初八,庚子,鼠,4,戊寅,癸卯,,,,,,八九第八天
2020/3/2,星期一,2020,二月,初九,庚子,鼠,4,戊寅,甲辰,,,,,,八九第九天
2020/3/3,星期二,2020,二月,初十 ,庚子,鼠,4,戊寅,乙巳,,,,,,九九第一天
2020/3/4,星期三,2020,二月,十一,庚子,鼠,4,戊寅,丙午,,,,,,九九第二天
2020/3/5,星期四,2020,二月,十二,庚子,鼠,4,己卯,丁未,惊蛰,10:56:44,,,,九九第三天
2020/3/6,星期五,2020,二月,十三,庚子,鼠,4,己卯,戊申,,,,,,九九第四天
2020/3/7,星期六,2020,二月,十四,庚子,鼠,4,己卯,己酉,,,,,,九九第五天
2020/3/8,星期日,2020,二月,十五,庚子,鼠,4,己卯,庚戌,,,妇女节,,,九九第六天
2020/3/9,星期一,2020,二月,十六,庚子,鼠,4,己卯,辛亥,,,,,,九九第七天
2020/3/10,星期二,2020,二月,十七,庚子,鼠,4,己卯,壬子,,,,,,九九第八天
2020/3/11,星期三,2020,二月,十八,庚子,鼠,4,己卯,癸丑,,,,,,九九第九天
2020/3/12,星期四,2020,二月,十九,庚子,鼠,4,己卯,甲寅,,,植树节,,,
2020/3/13,星期五,2020,二月,二十,庚子,鼠,4,己卯,乙卯,,,,,,
2020/3/14,星期六,2020,二月,廿一,庚子,鼠,4,己卯,丙辰,,,,,,
2020/3/15,星期日,2020,二月,廿二,庚子,鼠,4,己卯,丁巳,,,,,,
2020/3/16,星期一,2020,二月,廿三,庚子,鼠,4,己卯,戊午,,,,,,
2020/3/17,星期二,2020,二月,廿四,庚子,鼠,4,己卯,己未,,,,,,
2020/3/18,星期三,2020,二月,廿五,庚子,鼠,4,己卯,庚申,,,,,,
2020/3/19,星期四,2020,二月,廿六,庚子,鼠,4,己卯,辛酉,,,,,,
2020/3/20,星期五,2020,二月,廿七,庚子,鼠,4,己卯,壬戌,春分,11:49:29,,,,
2020/3/21,星期六,2020,二月,廿八,庚子,鼠,4,己卯,癸亥,,,,,,
2020/3/22,星期日,2020,二月,廿九,庚子,鼠,4,己卯,甲子,,,,,,
2020/3/23,星期一,2020,二月,三十,庚子,鼠,4,己卯,乙丑,,,,,,
2020/3/24,星期二,2020,三月,初一,庚子,鼠,4,己卯,丙寅,,,,,,
2020/3/25,星期三,2020,三月,初二,庚子,鼠,4,己卯,丁卯,,,,,,
2020/3/26,星期四,2020,三月,初三,庚子,鼠,4,己卯,戊辰,,,,,,
2020/3/27,星期五,2020,三月,初四,庚子,鼠,4,己卯,己巳,,,,,,
2020/3/28,星期六,2020,三月,初五,庚子,鼠,4,己卯,庚午,,,,,,
2020/3/29,星期日,2020,三月,初六,庚子,鼠,4,己卯,辛未,,,,,,
2020/3/30,星期一,2020,三月,初七,庚子,鼠,4,己卯,壬申,,,,,,
2020/3/31,星期二,2020,三月,初八,庚子,鼠,4,己卯,癸酉,,,,,,
2020/4/1,星期三,2020,三月,初九,庚子,鼠,4,己卯,甲戌,,,愚人节,,,
2020/4/2,星期四,2020,三月,初十 ,庚子,鼠,4,己卯,乙亥,,,,,,
2020/4/3,星期五,2020,三月,十一,庚子,鼠,4,己卯,丙子,,,,,,
2020/4/4,星期六,2020,三月,十二,庚子,鼠,4,庚辰,丁丑,清明,15:38:02,,,,
2020/4/5,星期日,2020,三月,十三,庚子,鼠,4,庚辰,戊寅,,,,,,
2020/4/6,星期一,2020,三月,十四,庚子,鼠,4,庚辰,己卯,,,,,,
2020/4/7,星期二,2020,三月,十五,庚子,鼠,4,庚辰,庚辰,,,,,,
2020/4/8,星期三,2020,三月,十六,庚子,鼠,4,庚辰,辛巳,,,,,,
2020/4/9,星期四,2020,三月,十七,庚子,鼠,4,庚辰,壬午,,,,,,
2020/4/10,星期五,2020,三月,十八,庚子,鼠,4,庚辰,癸未,,,,,,
2020/4/11,星期六,2020,三月,十九,庚子,鼠,4,庚辰,甲申,,,,,,
2020/4/12,星期日,2020,三月,二十,庚子,鼠,4,庚辰,乙酉,,,,,,
2020/4/13,星期一,2020,三月,廿一,庚子,鼠,4,庚辰,丙戌,,,,,,
2020/4/14,星期二,2020,三月,廿二,庚子,鼠,4,庚辰,丁亥,,,,,,
2020/4/15,星期三,2020,三月,廿三,庚子,鼠,4,庚辰,戊子,,,,,,
2020/4/16,星期四,2020,三月,廿四,庚子,鼠,4,庚辰,己丑,,,,,,
2020/4/17,星期五,2020,三月,廿五,庚子,鼠,4,庚辰,庚寅,,,,,,
2020/4/18,星期六,2020,三月,廿六,庚子,鼠,4,庚辰,辛卯,,,,,,
2020/4/19,星期日,2020,三月,廿七,庚子,鼠,4,庚辰,壬辰,谷雨,22:45:21,,,,
2020/4/20,星期一,2020,三月,廿八,庚子,鼠,4,庚辰,癸巳,,,,,,
2020/4/21,星期二,2020,三月,廿九,庚子,鼠,4,庚辰,甲午,,,,,,
2020/4/22,星期三,2020,三月,三十,庚子,鼠,4,庚辰,乙未,,,,,,
2020/4/23,星期四,2020,四月,初一,庚子,鼠,4,庚辰,丙申,,,,,,
2020/4/24,星期五,2020,四月,初二,庚子,鼠,4,庚辰,丁酉,,,,,,
2020/4/25,星期六,2020,四月,初三,庚子,鼠,4,庚辰,戊戌,,,,,,
2020/4/26,星期日,2020,四月,初四,庚子,鼠,4,庚辰,己亥,,,,,,
2020/4/27,星期一,2020,四月,初五,庚子,鼠,4,庚辰,庚子,,,,,,
2020/4/28,星期二,2020,四月,初六,庚子,鼠,4,庚辰,辛丑,,,,,,
2020/4/29,星期三,2020,四月,初七,庚子,鼠,4,庚辰,壬寅,,,,,,
2020/4/30,星期四,2020,四月,初八,庚子,鼠,4,庚辰,癸卯,,,,,,
2020/5/1,星期五,2020,四月,初九,庚子,鼠,4,庚辰,甲辰,,,劳动节,,,
2020/5/2,星期六,2020,四月,初十 ,庚子,鼠,4,庚辰,乙巳,,,,,,
2020/5/3,星期日,2020,四月,十一,庚子,鼠,4,庚辰,丙午,,,,,,
2020/5/4,星期一,2020,四月,十二,庚子,鼠,4,庚辰,丁未,,,青年节,,,
2020/5/5,星期二,2020,四月,十三,庚子,鼠,4,辛巳,戊申,立夏,8:51:16,,,,
2020/5/6,星期三,2020,四月,十四,庚子,鼠,4,辛巳,己酉,,,,,,
2020/5/7,星期四,2020,四月,十五,庚子,鼠,4,辛巳,庚戌,,,,,,
2020/5/8,星期五,2020,四月,十六,庚子,鼠,4,辛巳,辛亥,,,,,,
2020/5/9,星期六,2020,四月,十七,庚子,鼠,4,辛巳,壬子,,,,,,
2020/5/10,星期日,2020,四月,十八,庚子,鼠,4,辛巳,癸丑,,,,,母亲节,
2020/5/11,星期一,2020,四月,十九,庚子,鼠,4,辛巳,甲寅,,,,,,
2020/5/12,星期二,2020,四月,二十,庚子,鼠,4,辛巳,乙卯,,,,,,
2020/5/13,星期三,2020,四月,廿一,庚子,鼠,4,辛巳,丙辰,,,,,,
2020/5/14,星期四,2020,四月,廿二,庚子,鼠,4,辛巳,丁巳,,,,,,
2020/5/15,星期五,2020,四月,廿三,庚子,鼠,4,辛巳,戊午,,,,,,
2020/5/16,星期六,2020,四月,廿四,庚子,鼠,4,辛巳,己未,,,,,,
2020/5/17,星期日,2020,四月,廿五,庚子,鼠,4,辛巳,庚申,,,,,,
2020/5/18,星期一,2020,四月,廿六,庚子,鼠,4,辛巳,辛酉,,,,,,
2020/5/19,星期二,2020,四月,廿七,庚子,鼠,4,辛巳,壬戌,,,,,,
2020/5/20,星期三,2020,四月,廿八,庚子,鼠,4,辛巳,癸亥,小满,21:49:09,,,,
2020/5/21,星期四,2020,四月,廿九,庚子,鼠,4,辛巳,甲子,,,,,,
2020/5/22,星期五,2020,四月,三十,庚子,鼠,4,辛巳,乙丑,,,,,,
2020/5/23,星期六,2020,闰四月,初一,庚子,鼠,4,辛巳,丙寅,,,,,,
2020/5/24,星期日,2020,闰四月,初二,庚子,鼠,4,辛巳,丁卯,,,,,,
2020/5/25,星期一,2020,闰四月,初三,庚子,鼠,4,辛巳,戊辰,,,,,,
2020/5/26,星期二,2020,闰四月,初四,庚子,鼠,4,辛巳,己巳,,,,,,
2020/5/27,星期三,2020,闰四月,初五,庚子,鼠,4,辛巳,庚午,,,,,,
2020/5/28,星期四,2020,闰四月,初六,庚子,鼠,4,辛巳,辛未,,,,,,
2020/5/29,星期五,2020,闰四月,初七,庚子,鼠,4,辛巳,壬申,,,,,,
2020/5/30,星期六,2020,闰四月,初八,庚子,鼠,4,辛巳,癸酉,,,,,,
2020/5/31,星期日,2020,闰四月,初九,庚子,鼠,4,辛巳,甲戌,,,,,,
2020/6/1,星期一,2020,闰四月,初十 ,庚子,鼠,4,辛巳,乙亥,,,儿童节,,,
2020/6/2,星期二,2020,闰四月,十一,庚子,鼠,4,辛巳,丙子,,,,,,
2020/6/3,星期三,2020,闰四月,十二,庚子,鼠,4,辛巳,丁丑,,,,,,
2020/6/4,星期四,2020,闰四月,十三,庚子,鼠,4,辛巳,戊寅,,,,,,
2020/6/5,星期五,2020,闰四月,十四,庚子,鼠,4,壬午,己卯,芒种,12:58:18,,,,
2020/6/6,星期六,2020,闰四月,十五,庚子,鼠,4,壬午,庚辰,,,,,,
2020/6/7,星期日,2020,闰四月,十六,庚子,鼠,4,壬午,辛巳,,,,,,
2020/6/8,星期一,2020,闰四月,十七,庚子,鼠,4,壬午,壬午,,,,,,
2020/6/9,星期二,2020,闰四月,十八,庚子,鼠,4,壬午,癸未,,,,,,
2020/6/10,星期三,2020,闰四月,十九,庚子,鼠,4,壬午,甲申,,,,,,
2020/6/11,星期四,2020,闰四月,二十,庚子,鼠,4,壬午,乙酉,,,,,,
2020/6/12,星期五,2020,闰四月,廿一,庚子,鼠,4,壬午,丙戌,,,,,,
2020/6/13,星期六,2020,闰四月,廿二,庚子,鼠,4,壬午,丁亥,,,,,,
2020/6/14,星期日,2020,闰四月,廿三,庚子,鼠,4,壬午,戊子,,,,,,
2020/6/15,星期一,2020,闰四月,廿四,庚子,鼠,4,壬午,己丑,,,,,,
2020/6/16,星期二,2020,闰四月,廿五,庚子,鼠,4,壬午,庚寅,,,,,,
2020/6/17,星期三,2020,闰四月,廿六,庚子,鼠,4,壬午,辛卯,,,,,,
2020/6/18,星期四,2020,闰四月,廿七,庚子,鼠,4,壬午,壬辰,,,,,,
2020/6/19,星期五,2020,闰四月,廿八,庚子,鼠,4,壬午,癸巳,,,,,,
2020/6/20,星期六,2020,闰四月,廿九,庚子,鼠,4,壬午,甲午,,,,,,
2020/6/21,星期日,2020,五月,初一,庚子,鼠,4,壬午,乙未,夏至,5:43:33,,,父亲节,
2020/6/22,星期一,2020,五月,初二,庚子,鼠,4,壬午,丙申,,,,,,
2020/6/23,星期二,2020,五月,初三,庚子,鼠,4,壬午,丁酉,,,,,,
2020/6/24,星期三,2020,五月,初四,庚子,鼠,4,壬午,戊戌,,,,,,
2020/6/25,星期四,2020,五月,初五,庚子,鼠,4,壬午,己亥,,,,端午节,,
2020/6/26,星期五,2020,五月,初六,庚子,鼠,4,壬午,庚子,,,,,,
2020/6/27,星期六,2020,五月,初七,庚子,鼠,4,壬午,辛丑,,,,,,
2020/6/28,星期日,2020,五月,初八,庚子,鼠,4,壬午,壬寅,,,,,,
2020/6/29,星期一,2020,五月,初九,庚子,鼠,4,壬午,癸卯,,,,,,
2020/6/30,星期二,2020,五月,初十 ,庚子,鼠,4,壬午,甲辰,,,,,,
2020/7/1,星期三,2020,五月,十一,庚子,鼠,4,壬午,乙巳,,,建党节,,,
2020/7/2,星期四,2020,五月,十二,庚子,鼠,4,壬午,丙午,,,,,,
2020/7/3,星期五,2020,五月,十三,庚子,鼠,4,壬午,丁未,,,,,,
2020/7/4,星期六,2020,五月,十四,庚子,鼠,4,壬午,戊申,,,,,,
2020/7/5,星期日,2020,五月,十五,庚子,鼠,4,壬午,己酉,,,,,,
2020/7/6,星期一,2020,五月,十六,庚子,鼠,4,癸未,庚戌,小暑,23:14:20,,,,
2020/7/7,星期二,2020,五月,十七,庚子,鼠,4,癸未,辛亥,,,,,,
2020/7/8,星期三,2020,五月,十八,庚子,鼠,4,癸未,壬子,,,,,,
2020/7/9,星期四,2020,五月,十九,庚子,鼠,4,癸未,癸丑,,,,,,
2020/7/10,星期五,2020,五月,二十,庚子,鼠,4,癸未,甲寅,,,,,,
2020/7/11,星期六,2020,五月,廿一,庚子,鼠,4,癸未,乙卯,,,,,,
2020/7/12,星期日,2020,五月,廿二,庚子,鼠,4,癸未,丙辰,,,,,,
2020/7/13,星期一,2020,五月,廿三,庚子,鼠,4,癸未,丁巳,,,,,,
2020/7/14,星期二,2020,五月,廿四,庚子,鼠,4,癸未,戊午,,,,,,
2020/7/15,星期三,2020,五月,廿五,庚子,鼠,4,癸未,己未,,,,,,
2020/7/16,星期四,2020,五月,廿六,庚子,鼠,4,癸未,庚申,,,,,,初伏第一天
2020/7/17,星期五,2020,五月,廿七,庚子,鼠,4,癸未,辛酉,,,,,,初伏第二天
2020/7/18,星期六,2020,五月,廿八,庚子,鼠,4,癸未,壬戌,,,,,,初伏第三天
2020/7/19,星期日,2020,五月,廿九,庚子,鼠,4,癸未,癸亥,,,,,,初伏第四天
2020/7/20,星期一,2020,五月,三十,庚子,鼠,4,癸未,甲子,,,,,,初伏第五天
2020/7/21,星期二,2020,六月,初一,庚子,鼠,4,癸未,乙丑,,,,,,初伏第六天
2020/7/22,星期三,2020,六月,初二,庚子,鼠,4,癸未,丙寅,大暑,16:36:44,,,,初伏第七天
2020/7/23,星期四,2020,六月,初三,庚子,鼠,4,癸未,丁卯,,,,,,初伏第八天
2020/7/24,星期五,2020,六月,初四,庚子,鼠,4,癸未,戊辰,,,,,,初伏第九天
2020/7/25,星期六,2020,六月,初五,庚子,鼠,4,癸未,己巳,,,,,,初伏第十天
2020/7/26,星期日,2020,六月,初六,庚子,鼠,4,癸未,庚午,,,,,,中伏第一天
2020/7/27,星期一,2020,六月,初七,庚子,鼠,4,癸未,辛未,,,,,,中伏第二天
2020/7/28,星期二,2020,六月,初八,庚子,鼠,4,癸未,壬申,,,,,,中伏第三天
2020/7/29,星期三,2020,六月,初九,庚子,鼠,4,癸未,癸酉,,,,,,中伏第四天
2020/7/30,星期四,2020,六月,初十 ,庚子,鼠,4,癸未,甲戌,,,,,,中伏第五天
2020/7/31,星期五,2020,六月,十一,庚子,鼠,4,癸未,乙亥,,,,,,中伏第六天
2020/8/1,星期六,2020,六月,十二,庚子,鼠,4,癸未,丙子,,,建军节,,,中伏第七天
2020/8/2,星期日,2020,六月,十三,庚子,鼠,4,癸未,丁丑,,,,,,中伏第八天
2020/8/3,星期一,2020,六月,十四,庚子,鼠,4,癸未,戊寅,,,,,,中伏第九天
2020/8/4,星期二,2020,六月,十五,庚子,鼠,4,癸未,己卯,,,,,,中伏第十天
2020/8/5,星期三,2020,六月,十六,庚子,鼠,4,癸未,庚辰,,,,,,闰中伏第一天
2020/8/6,星期四,2020,六月,十七,庚子,鼠,4,癸未,辛巳,,,,,,闰中伏第二天
2020/8/7,星期五,2020,六月,十八,庚子,鼠,4,甲申,壬午,立秋,9:06:03,,,,闰中伏第三天
2020/8/8,星期六,2020,六月,十九,庚子,鼠,4,甲申,癸未,,,,,,闰中伏第四天
2020/8/9,星期日,2020,六月,二十,庚子,鼠,4,甲申,甲申,,,,,,闰中伏第五天
2020/8/10,星期一,2020,六月,廿一,庚子,鼠,4,甲申,乙酉,,,,,,闰中伏第六天
2020/8/11,星期二,2020,六月,廿二,庚子,鼠,4,甲申,丙戌,,,,,,闰中伏第七天
2020/8/12,星期三,2020,六月,廿三,庚子,鼠,4,甲申,丁亥,,,,,,闰中伏第八天
2020/8/13,星期四,2020,六月,廿四,庚子,鼠,4,甲申,戊子,,,,,,闰中伏第九天
2020/8/14,星期五,2020,六月,廿五,庚子,鼠,4,甲申,己丑,,,,,,闰中伏第十天
2020/8/15,星期六,2020,六月,廿六,庚子,鼠,4,甲申,庚寅,,,,,,末伏第一天
2020/8/16,星期日,2020,六月,廿七,庚子,鼠,4,甲申,辛卯,,,,,,末伏第二天
2020/8/17,星期一,2020,六月,廿八,庚子,鼠,4,甲申,壬辰,,,,,,末伏第三天
2020/8/18,星期二,2020,六月,廿九,庚子,鼠,4,甲申,癸巳,,,,,,末伏第四天
2020/8/19,星期三,2020,七月,初一,庚子,鼠,4,甲申,甲午,,,,,,末伏第五天
2020/8/20,星期四,2020,七月,初二,庚子,鼠,4,甲申,乙未,,,,,,末伏第六天
2020/8/21,星期五,2020,七月,初三,庚子,鼠,4,甲申,丙申,,,,,,末伏第七天
2020/8/22,星期六,2020,七月,初四,庚子,鼠,4,甲申,丁酉,处暑,23:44:48,,,,末伏第八天
2020/8/23,星期日,2020,七月,初五,庚子,鼠,4,甲申,戊戌,,,,,,末伏第九天
2020/8/24,星期一,2020,七月,初六,庚子,鼠,4,甲申,己亥,,,,,,末伏第十天
2020/8/25,星期二,2020,七月,初七,庚子,鼠,4,甲申,庚子,,,,七夕,,
2020/8/26,星期三,2020,七月,初八,庚子,鼠,4,甲申,辛丑,,,,,,
2020/8/27,星期四,2020,七月,初九,庚子,鼠,4,甲申,壬寅,,,,,,
2020/8/28,星期五,2020,七月,初十 ,庚子,鼠,4,甲申,癸卯,,,,,,
2020/8/29,星期六,2020,七月,十一,庚子,鼠,4,甲申,甲辰,,,,,,
2020/8/30,星期日,2020,七月,十二,庚子,鼠,4,甲申,乙巳,,,,,,
2020/8/31,星期一,2020,七月,十三,庚子,鼠,4,甲申,丙午,,,,,,
2020/9/1,星期二,2020,七月,十四,庚子,鼠,4,甲申,丁未,,,,,,
2020/9/2,星期三,2020,七月,十五,庚子,鼠,4,甲申,戊申,,,,,,
2020/9/3,星期四,2020,七月,十六,庚子,鼠,4,甲申,己酉,,,,,,
2020/9/4,星期五,2020,七月,十七,庚子,鼠,4,甲申,庚戌,,,,,,
2020/9/5,星期六,2020,七月,十八,庚子,鼠,4,甲申,辛亥,,,,,,
2020/9/6,星期日,2020,七月,十九,庚子,鼠,4,甲申,壬子,,,,,,
2020/9/7,星期一,2020,七月,二十,庚子,鼠,4,乙酉,癸丑,白露,12:07:54,,,,
2020/9/8,星期二,2020,七月,廿一,庚子,鼠,4,乙酉,甲寅,,,,,,
2020/9/9,星期三,2020,七月,廿二,庚子,鼠,4,乙酉,乙卯,,,,,,
2020/9/10,星期四,2020,七月,廿三,庚子,鼠,4,乙酉,丙辰,,,,,,
2020/9/11,星期五,2020,七月,廿四,庚子,鼠,4,乙酉,丁巳,,,,,,
2020/9/12,星期六,2020,七月,廿五,庚子,鼠,4,乙酉,戊午,,,,,,
2020/9/13,星期日,2020,七月,廿六,庚子,鼠,4,乙酉,己未,,,,,,
2020/9/14,星期一,2020,七月,廿七,庚子,鼠,4,乙酉,庚申,,,,,,
2020/9/15,星期二,2020,七月,廿八,庚子,鼠,4,乙酉,辛酉,,,,,,
2020/9/16,星期三,2020,七月,廿九,庚子,鼠,4,乙酉,壬戌,,,,,,
2020/9/17,星期四,2020,八月,初一,庚子,鼠,4,乙酉,癸亥,,,,,,
2020/9/18,星期五,2020,八月,初二,庚子,鼠,4,乙酉,甲子,,,,,,
2020/9/19,星期六,2020,八月,初三,庚子,鼠,4,乙酉,乙丑,,,,,,
2020/9/20,星期日,2020,八月,初四,庚子,鼠,4,乙酉,丙寅,,,,,,
2020/9/21,星期一,2020,八月,初五,庚子,鼠,4,乙酉,丁卯,,,,,,
2020/9/22,星期二,2020,八月,初六,庚子,鼠,4,乙酉,戊辰,秋分,21:30:32,农民丰收节,,,
2020/9/23,星期三,2020,八月,初七,庚子,鼠,4,乙酉,己巳,,,,,,
2020/9/24,星期四,2020,八月,初八,庚子,鼠,4,乙酉,庚午,,,,,,
2020/9/25,星期五,2020,八月,初九,庚子,鼠,4,乙酉,辛未,,,,,,
2020/9/26,星期六,2020,八月,初十 ,庚子,鼠,4,乙酉,壬申,,,,,,
2020/9/27,星期日,2020,八月,十一,庚子,鼠,4,乙酉,癸酉,,,,,,
2020/9/28,星期一,2020,八月,十二,庚子,鼠,4,乙酉,甲戌,,,,,,
2020/9/29,星期二,2020,八月,十三,庚子,鼠,4,乙酉,乙亥,,,,,,
2020/9/30,星期三,2020,八月,十四,庚子,鼠,4,乙酉,丙子,,,,,,
2020/10/1,星期四,2020,八月,十五,庚子,鼠,4,乙酉,丁丑,,,国庆节,中秋节,,
2020/10/2,星期五,2020,八月,十六,庚子,鼠,4,乙酉,戊寅,,,,,,
2020/10/3,星期六,2020,八月,十七,庚子,鼠,4,乙酉,己卯,,,,,,
2020/10/4,星期日,2020,八月,十八,庚子,鼠,4,乙酉,庚辰,,,,,,
2020/10/5,星期一,2020,八月,十九,庚子,鼠,4,乙酉,辛巳,,,,,,
2020/10/6,星期二,2020,八月,二十,庚子,鼠,4,乙酉,壬午,,,,,,
2020/10/7,星期三,2020,八月,廿一,庚子,鼠,4,乙酉,癸未,,,,,,
2020/10/8,星期四,2020,八月,廿二,庚子,鼠,4,丙戌,甲申,寒露,3:55:07,,,,
2020/10/9,星期五,2020,八月,廿三,庚子,鼠,4,丙戌,乙酉,,,,,,
2020/10/10,星期六,2020,八月,廿四,庚子,鼠,4,丙戌,丙戌,,,,,,
2020/10/11,星期日,2020,八月,廿五,庚子,鼠,4,丙戌,丁亥,,,,,,
2020/10/12,星期一,2020,八月,廿六,庚子,鼠,4,丙戌,戊子,,,,,,
2020/10/13,星期二,2020,八月,廿七,庚子,鼠,4,丙戌,己丑,,,,,,
2020/10/14,星期三,2020,八月,廿八,庚子,鼠,4,丙戌,庚寅,,,,,,
2020/10/15,星期四,2020,八月,廿九,庚子,鼠,4,丙戌,辛卯,,,,,,
2020/10/16,星期五,2020,八月,三十,庚子,鼠,4,丙戌,壬辰,,,,,,
2020/10/17,星期六,2020,九月,初一,庚子,鼠,4,丙戌,癸巳,,,,,,
2020/10/18,星期日,2020,九月,初二,庚子,鼠,4,丙戌,甲午,,,,,,
2020/10/19,星期一,2020,九月,初三,庚子,鼠,4,丙戌,乙未,,,,,,
2020/10/20,星期二,2020,九月,初四,庚子,鼠,4,丙戌,丙申,,,,,,
2020/10/21,星期三,2020,九月,初五,庚子,鼠,4,丙戌,丁酉,,,,,,
2020/10/22,星期四,2020,九月,初六,庚子,鼠,4,丙戌,戊戌,,,,,,
2020/10/23,星期五,2020,九月,初七,庚子,鼠,4,丙戌,己亥,霜降,6:59:25,,,,
2020/10/24,星期六,2020,九月,初八,庚子,鼠,4,丙戌,庚子,,,,,,
2020/10/25,星期日,2020,九月,初九,庚子,鼠,4,丙戌,辛丑,,,,重阳节,,
2020/10/26,星期一,2020,九月,初十 ,庚子,鼠,4,丙戌,壬寅,,,,,,
2020/10/27,星期二,2020,九月,十一,庚子,鼠,4,丙戌,癸卯,,,,,,
2020/10/28,星期三,2020,九月,十二,庚子,鼠,4,丙戌,甲辰,,,,,,
2020/10/29,星期四,2020,九月,十三,庚子,鼠,4,丙戌,乙巳,,,,,,
2020/10/30,星期五,2020,九月,十四,庚子,鼠,4,丙戌,丙午,,,,,,
2020/10/31,星期六,2020,九月,十五,庚子,鼠,4,丙戌,丁未,,,万圣节,,,
2020/11/1,星期日,2020,九月,十六,庚子,鼠,4,丙戌,戊申,,,,,,
2020/11/2,星期一,2020,九月,十七,庚子,鼠,4,丙戌,己酉,,,,,,
2020/11/3,星期二,2020,九月,十八,庚子,鼠,4,丙戌,庚戌,,,,,,
2020/11/4,星期三,2020,九月,十九,庚子,鼠,4,丙戌,辛亥,,,,,,
2020/11/5,星期四,2020,九月,二十,庚子,鼠,4,丙戌,壬子,,,,,,
2020/11/6,星期五,2020,九月,廿一,庚子,鼠,4,丙戌,癸丑,,,,,,
2020/11/7,星期六,2020,九月,廿二,庚子,鼠,4,丁亥,甲寅,立冬,7:13:46,,,,
2020/11/8,星期日,2020,九月,廿三,庚子,鼠,4,丁亥,乙卯,,,,,,
2020/11/9,星期一,2020,九月,廿四,庚子,鼠,4,丁亥,丙辰,,,,,,
2020/11/10,星期二,2020,九月,廿五,庚子,鼠,4,丁亥,丁巳,,,,,,
2020/11/11,星期三,2020,九月,廿六,庚子,鼠,4,丁亥,戊午,,,,,,
2020/11/12,星期四,2020,九月,廿七,庚子,鼠,4,丁亥,己未,,,,,,
2020/11/13,星期五,2020,九月,廿八,庚子,鼠,4,丁亥,庚申,,,,,,
2020/11/14,星期六,2020,九月,廿九,庚子,鼠,4,丁亥,辛酉,,,,,,
2020/11/15,星期日,2020,十月,初一,庚子,鼠,4,丁亥,壬戌,,,,,,
2020/11/16,星期一,2020,十月,初二,庚子,鼠,4,丁亥,癸亥,,,,,,
2020/11/17,星期二,2020,十月,初三,庚子,鼠,4,丁亥,甲子,,,,,,
2020/11/18,星期三,2020,十月,初四,庚子,鼠,4,丁亥,乙丑,,,,,,
2020/11/19,星期四,2020,十月,初五,庚子,鼠,4,丁亥,丙寅,,,,,,
2020/11/20,星期五,2020,十月,初六,庚子,鼠,4,丁亥,丁卯,,,,,,
2020/11/21,星期六,2020,十月,初七,庚子,鼠,4,丁亥,戊辰,,,,,,
2020/11/22,星期日,2020,十月,初八,庚子,鼠,4,丁亥,己巳,小雪,4:39:38,,,,
2020/11/23,星期一,2020,十月,初九,庚子,鼠,4,丁亥,庚午,,,,,,
2020/11/24,星期二,2020,十月,初十 ,庚子,鼠,4,丁亥,辛未,,,,,,
2020/11/25,星期三,2020,十月,十一,庚子,鼠,4,丁亥,壬申,,,,,,
2020/11/26,星期四,2020,十月,十二,庚子,鼠,4,丁亥,癸酉,,,,,,
2020/11/27,星期五,2020,十月,十三,庚子,鼠,4,丁亥,甲戌,,,,,,
2020/11/28,星期六,2020,十月,十四,庚子,鼠,4,丁亥,乙亥,,,,,,
2020/11/29,星期日,2020,十月,十五,庚子,鼠,4,丁亥,丙子,,,,,,
2020/11/30,星期一,2020,十月,十六,庚子,鼠,4,丁亥,丁丑,,,,,,
2020/12/1,星期二,2020,十月,十七,庚子,鼠,4,丁亥,戊寅,,,,,,
2020/12/2,星期三,2020,十月,十八,庚子,鼠,4,丁亥,己卯,,,,,,
2020/12/3,星期四,2020,十月,十九,庚子,鼠,4,丁亥,庚辰,,,,,,
2020/12/4,星期五,2020,十月,二十,庚子,鼠,4,丁亥,辛巳,,,,,,
2020/12/5,星期六,2020,十月,廿一,庚子,鼠,4,丁亥,壬午,,,,,,
2020/12/6,星期日,2020,十月,廿二,庚子,鼠,4,丁亥,癸未,,,,,,
2020/12/7,星期一,2020,十月,廿三,庚子,鼠,4,戊子,甲申,大雪,0:09:21,,,,
2020/12/8,星期二,2020,十月,廿四,庚子,鼠,4,戊子,乙酉,,,,,,
2020/12/9,星期三,2020,十月,廿五,庚子,鼠,4,戊子,丙戌,,,,,,
2020/12/10,星期四,2020,十月,廿六,庚子,鼠,4,戊子,丁亥,,,,,,
2020/12/11,星期五,2020,十月,廿七,庚子,鼠,4,戊子,戊子,,,,,,
2020/12/12,星期六,2020,十月,廿八,庚子,鼠,4,戊子,己丑,,,,,,
2020/12/13,星期日,2020,十月,廿九,庚子,鼠,4,戊子,庚寅,,,,,,
2020/12/14,星期一,2020,十月,三十,庚子,鼠,4,戊子,辛卯,,,,,,
2020/12/15,星期二,2020,冬月,初一,庚子,鼠,4,戊子,壬辰,,,,,,
2020/12/16,星期三,2020,冬月,初二,庚子,鼠,4,戊子,癸巳,,,,,,
2020/12/17,星期四,2020,冬月,初三,庚子,鼠,4,戊子,甲午,,,,,,
2020/12/18,星期五,2020,冬月,初四,庚子,鼠,4,戊子,乙未,,,,,,
2020/12/19,星期六,2020,冬月,初五,庚子,鼠,4,戊子,丙申,,,,,,
2020/12/20,星期日,2020,冬月,初六,庚子,鼠,4,戊子,丁酉,,,,,,
2020/12/21,星期一,2020,冬月,初七,庚子,鼠,4,戊子,戊戌,冬至,18:02:12,,,,一九第一天
2020/12/22,星期二,2020,冬月,初八,庚子,鼠,4,戊子,己亥,,,,,,一九第二天
2020/12/23,星期三,2020,冬月,初九,庚子,鼠,4,戊子,庚子,,,,,,一九第三天
2020/12/24,星期四,2020,冬月,初十 ,庚子,鼠,4,戊子,辛丑,,,平安夜,,,一九第四天
2020/12/25,星期五,2020,冬月,十一,庚子,鼠,4,戊子,壬寅,,,圣诞节,,,一九第五天
2020/12/26,星期六,2020,冬月,十二,庚子,鼠,4,戊子,癸卯,,,,,,一九第六天
2020/12/27,星期日,2020,冬月,十三,庚子,鼠,4,戊子,甲辰,,,,,,一九第七天
2020/12/28,星期一,2020,冬月,十四,庚子,鼠,4,戊子,乙巳,,,,,,一九第八天
2020/12/29,星期二,2020,冬月,十五,庚子,鼠,4,戊子,丙午,,,,,,一九第九天
2020/12/30,星期三,2020,冬月,十六,庚子,鼠,4,戊子,丁未,,,,,,二九第一天
2020/12/31,星期四,2020,冬月,十七,庚子,鼠,4,戊子,戊申,,,,,,二九第二天
