公历日期,星期,农历年,农历月,农历日,年干支,属相,闰月,月干支,日干支,节气,节气时间,公历节日,农历节日,特殊节日,数九数伏
2021/1/1,星期五,2020,冬月,十八,庚子,鼠,4,戊子,己酉,,,元旦,,,二九第三天
2021/1/2,星期六,2020,冬月,十九,庚子,鼠,4,戊子,庚戌,,,,,,二九第四天
2021/1/3,星期日,2020,冬月,二十,庚子,鼠,4,戊子,辛亥,,,,,,二九第五天
2021/1/4,星期一,2020,冬月,廿一,庚子,鼠,4,戊子,壬子,,,,,,二九第六天
2021/1/5,星期二,2020,冬月,廿二,庚子,鼠,4,己丑,癸丑,小寒,11:23:17,,,,二九第七天
2021/1/6,星期三,2020,冬月,廿三,庚子,鼠,4,己丑,甲寅,,,,,,二九第八天
2021/1/7,星期四,2020,冬月,廿四,庚子,鼠,4,己丑,乙卯,,,,,,二九第九天
2021/1/8,星期五,2020,冬月,廿五,庚子,鼠,4,己丑,丙辰,,,,,,三九第一天
2021/1/9,星期六,2020,冬月,廿六,庚子,鼠,4,己丑,丁巳,,,,,,三九第二天
2021/1/10,星期日,2020,冬月,廿七,庚子,鼠,4,己丑,戊午,,,,,,三九第三天
2021/1/11,星期一,2020,冬月,廿八,庚子,鼠,4,己丑,己未,,,,,,三九第四天
2021/1/12,星期二,2020,冬月,廿九,庚子,鼠,4,己丑,庚申,,,,,,三九第五天
2021/1/13,星期三,2020,腊月,初一,庚子,鼠,4,己丑,辛酉,,,,,,三九第六天
2021/1/14,星期四,2020,腊月,初二,庚子,鼠,4,己丑,壬戌,,,,,,三九第七天
2021/1/15,星期五,2020,腊月,初三,庚子,鼠,4,己丑,癸亥,,,,,,三九第八天
2021/1/16,星期六,2020,腊月,初四,庚子,鼠,4,己丑,甲子,,,,,,三九第九天
2021/1/17,星期日,2020,腊月,初五,庚子,鼠,4,己丑,乙丑,,,,,,四九第一天
2021/1/18,星期一,2020,腊月,初六,庚子,鼠,4,己丑,丙寅,,,,,,四九第二天
2021/1/19,星期二,2020,腊月,初七,庚子,鼠,4,己丑,丁卯,,,,,,四九第三天
2021/1/20,星期三,2020,腊月,初八,庚子,鼠,4,己丑,戊辰,大寒,4:39:42,,腊八节,,四九第四天
2021/1/21,星期四,2020,腊月,初九,庚子,鼠,4,己丑,己巳,,,,,,四九第五天
2021/1/22,星期五,2020,腊月,初十 ,庚子,鼠,4,己丑,庚午,,,,,,四九第六天
2021/1/23,星期六,2020,腊月,十一,庚子,鼠,4,己丑,辛未,,,,,,四九第七天
2021/1/24,星期日,2020,腊月,十二,庚子,鼠,4,己丑,壬申,,,,,,四九第八天
2021/1/25,星期一,2020,腊月,十三,庚子,鼠,4,己丑,癸酉,,,,,,四九第九天
2021/1/26,星期二,2020,腊月,十四,庚子,鼠,4,己丑,甲戌,,,,,,五九第一天
2021/1/27,星期三,2020,腊月,十五,庚子,鼠,4,己丑,乙亥,,,,,,五九第二天
2021/1/28,星期四,2020,腊月,十六,庚子,鼠,4,己丑,丙子,,,,,,五九第三天
2021/1/29,星期五,2020,腊月,十七,庚子,鼠,4,己丑,丁丑,,,,,,五九第四天
2021/1/30,星期六,2020,腊月,十八,庚子,鼠,4,己丑,戊寅,,,,,,五九第五天
2021/1/31,星期日,2020,腊月,十九,庚子,鼠,4,己丑,己卯,,,,,,五九第六天
2021/2/1,星期一,2020,腊月,二十,庚子,鼠,4,己丑,庚辰,,,,,,五九第七天
2021/2/2,星期二,2020,腊月,廿一,庚子,鼠,4,己丑,辛巳,,,,,,五九第八天
2021/2/3,星期三,2020,腊月,廿二,庚子,鼠,4,戊寅,壬午,立春,22:58:39,,,,五九第九天
2021/2/4,星期四,2020,腊月,廿三,庚子,鼠,4,戊寅,癸未,,,,小年,,六九第一天
2021/2/5,星期五,2020,腊月,廿四,庚子,鼠,4,戊寅,甲申,,,,,,六九第二天
2021/2/6,星期六,2020,腊月,廿五,庚子,鼠,4,戊寅,乙酉,,,,,,六九第三天
2021/2/7,星期日,2020,腊月,廿六,庚子,鼠,4,戊寅,丙戌,,,,,,六九第四天
2021/2/8,星期一,2020,腊月,廿七,庚子,鼠,4,戊寅,丁亥,,,,,,六九第五天
2021/2/9,星期二,2020,腊月,廿八,庚子,鼠,4,戊寅,戊子,,,,,,六九第六天
2021/2/10,星期三,2020,腊月,廿九,庚子,鼠,4,戊寅,己丑,,,,,,六九第七天
2021/2/11,星期四,2020,腊月,三十,庚子,鼠,4,戊寅,庚寅,,,,除夕,,六九第八天
2021/2/12,星期五,2021,正月,初一,辛丑,牛,0,庚寅,辛卯,,,,春节,,六九第九天
2021/2/13,星期六,2021,正月,初二,辛丑,牛,0,庚寅,壬辰,,,,,,七九第一天
2021/2/14,星期日,2021,正月,初三,辛丑,牛,0,庚寅,癸巳,,,情人节,,,七九第二天
2021/2/15,星期一,2021,正月,初四,辛丑,牛,0,庚寅,甲午,,,,,,七九第三天
2021/2/16,星期二,2021,正月,初五,辛丑,牛,0,庚寅,乙未,,,,,,七九第四天
2021/2/17,星期三,2021,正月,初六,辛丑,牛,0,庚寅,丙申,,,,,,七九第五天
2021/2/18,星期四,2021,正月,初七,辛丑,牛,0,庚寅,丁酉,雨水,18:43:49,,,,七九第六天
2021/2/19,星期五,2021,正月,初八,辛丑,牛,0,庚寅,戊戌,,,,,,七九第七天
2021/2/20,星期六,2021,正月,初九,辛丑,牛,0,庚寅,己亥,,,,,,七九第八天
2021/2/21,星期日,2021,正月,初十 ,辛丑,牛,0,庚寅,庚子,,,,,,七九第九天
2021/2/22,星期一,2021,正月,十一,辛丑,牛,0,庚寅,辛丑,,,,,,八九第一天
2021/2/23,星期二,2021,正月,十二,辛丑,牛,0,庚寅,壬寅,,,,,,八九第二天
2021/2/24,星期三,2021,正月,十三,辛丑,牛,0,庚寅,癸卯,,,,,,八九第三天
2021/2/25,星期四,2021,正月,十四,辛丑,牛,0,庚寅,甲辰,,,,,,八九第四天
2021/2/26,星期五,2021,正月,十五,辛丑,牛,0,庚寅,乙巳,,,,元宵节,,八九第五天
2021/2/27,星期六,2021,正月,十六,辛丑,牛,0,庚寅,丙午,,,,,,八九第六天
2021/2/28,星期日,2021,正月,十七,辛丑,牛,0,庚寅,丁未,,,,,,八九第七天
2021/3/1,星期一,2021,正月,十八,辛丑,牛,0,庚寅,戊申,,,,,,八九第八天
2021/3/2,星期二,2021,正月,十九,辛丑,牛,0,庚寅,己酉,,,,,,八九第九天
2021/3/3,星期三,2021,正月,二十,辛丑,牛,0,庚寅,庚戌,,,,,,九九第一天
2021/3/4,星期四,2021,正月,廿一,辛丑,牛,0,庚寅,辛亥,,,,,,九九第二天
2021/3/5,星期五,2021,正月,廿二,辛丑,牛,0,辛卯,壬子,惊蛰,16:53:32,,,,九九第三天
2021/3/6,星期六,2021,正月,廿三,辛丑,牛,0,辛卯,癸丑,,,,,,九九第四天
2021/3/7,星期日,2021,正月,廿四,辛丑,牛,0,辛卯,甲寅,,,,,,九九第五天
2021/3/8,星期一,2021,正月,廿五,辛丑,牛,0,辛卯,乙卯,,,妇女节,,,九九第六天
2021/3/9,星期二,2021,正月,廿六,辛丑,牛,0,辛卯,丙辰,,,,,,九九第七天
2021/3/10,星期三,2021,正月,廿七,辛丑,牛,0,辛卯,丁巳,,,,,,九九第八天
2021/3/11,星期四,2021,正月,廿八,辛丑,牛,0,辛卯,戊午,,,,,,九九第九天
2021/3/12,星期五,2021,正月,廿九,辛丑,牛,0,辛卯,己未,,,植树节,,,
2021/3/13,星期六,2021,二月,初一,辛丑,牛,0,辛卯,庚申,,,,,,
2021/3/14,星期日,2021,二月,初二,辛丑,牛,0,辛卯,辛酉,,,,龙抬头,,
2021/3/15,星期一,2021,二月,初三,辛丑,牛,0,辛卯,壬戌,,,,,,
2021/3/16,星期二,2021,二月,初四,辛丑,牛,0,辛卯,癸亥,,,,,,
2021/3/17,星期三,2021,二月,初五,辛丑,牛,0,辛卯,甲子,,,,,,
2021/3/18,星期四,2021,二月,初六,辛丑,牛,0,辛卯,乙丑,,,,,,
2021/3/19,星期五,2021,二月,初七,辛丑,牛,0,辛卯,丙寅,,,,,,
2021/3/20,星期六,2021,二月,初八,辛丑,牛,0,辛卯,丁卯,春分,17:37:19,,,,
2021/3/21,星期日,2021,二月,初九,辛丑,牛,0,辛卯,戊辰,,,,,,
2021/3/22,星期一,2021,二月,初十 ,辛丑,牛,0,辛卯,己巳,,,,,,
2021/3/23,星期二,2021,二月,十一,辛丑,牛,0,辛卯,庚午,,,,,,
2021/3/24,星期三,2021,二月,十二,辛丑,牛,0,辛卯,辛未,,,,,,
2021/3/25,星期四,2021,二月,十三,辛丑,牛,0,辛卯,壬申,,,,,,
2021/3/26,星期五,2021,二月,十四,辛丑,牛,0,辛卯,癸酉,,,,,,
2021/3/27,星期六,2021,二月,十五,辛丑,牛,0,辛卯,甲戌,,,,,,
2021/3/28,星期日,2021,二月,十六,辛丑,牛,0,辛卯,乙亥,,,,,,
2021/3/29,星期一,2021,二月,十七,辛丑,牛,0,辛卯,丙子,,,,,,
2021/3/30,星期二,2021,二月,十八,辛丑,牛,0,辛卯,丁丑,,,,,,
2021/3/31,星期三,2021,二月,十九,辛丑,牛,0,辛卯,戊寅,,,,,,
2021/4/1,星期四,2021,二月,二十,辛丑,牛,0,辛卯,己卯,,,愚人节,,,
2021/4/2,星期五,2021,二月,廿一,辛丑,牛,0,辛卯,庚辰,,,,,,
2021/4/3,星期六,2021,二月,廿二,辛丑,牛,0,辛卯,辛巳,,,,,,
2021/4/4,星期日,2021,二月,廿三,辛丑,牛,0,壬辰,壬午,清明,21:34:58,,,,
2021/4/5,星期一,2021,二月,廿四,辛丑,牛,0,壬辰,癸未,,,,,,
2021/4/6,星期二,2021,二月,廿五,辛丑,牛,0,壬辰,甲申,,,,,,
2021/4/7,星期三,2021,二月,廿六,辛丑,牛,0,壬辰,乙酉,,,,,,
2021/4/8,星期四,2021,二月,廿七,辛丑,牛,0,壬辰,丙戌,,,,,,
2021/4/9,星期五,2021,二月,廿八,辛丑,牛,0,壬辰,丁亥,,,,,,
2021/4/10,星期六,2021,二月,廿九,辛丑,牛,0,壬辰,戊子,,,,,,
2021/4/11,星期日,2021,二月,三十,辛丑,牛,0,壬辰,己丑,,,,,,
2021/4/12,星期一,2021,三月,初一,辛丑,牛,0,壬辰,庚寅,,,,,,
2021/4/13,星期二,2021,三月,初二,辛丑,牛,0,壬辰,辛卯,,,,,,
2021/4/14,星期三,2021,三月,初三,辛丑,牛,0,壬辰,壬辰,,,,,,
2021/4/15,星期四,2021,三月,初四,辛丑,牛,0,壬辰,癸巳,,,,,,
2021/4/16,星期五,2021,三月,初五,辛丑,牛,0,壬辰,甲午,,,,,,
2021/4/17,星期六,2021,三月,初六,辛丑,牛,0,壬辰,乙未,,,,,,
2021/4/18,星期日,2021,三月,初七,辛丑,牛,0,壬辰,丙申,,,,,,
2021/4/19,星期一,2021,三月,初八,辛丑,牛,0,壬辰,丁酉,,,,,,
2021/4/20,星期二,2021,三月,初九,辛丑,牛,0,壬辰,戊戌,谷雨,4:33:14,,,,
2021/4/21,星期三,2021,三月,初十 ,辛丑,牛,0,壬辰,己亥,,,,,,
2021/4/22,星期四,2021,三月,十一,辛丑,牛,0,壬辰,庚子,,,,,,
2021/4/23,星期五,2021,三月,十二,辛丑,牛,0,壬辰,辛丑,,,,,,
2021/4/24,星期六,2021,三月,十三,辛丑,牛,0,壬辰,壬寅,,,,,,
2021/4/25,星期日,2021,三月,十四,辛丑,牛,0,壬辰,癸卯,,,,,,
2021/4/26,星期一,2021,三月,十五,辛丑,牛,0,壬辰,甲辰,,,,,,
2021/4/27,星期二,2021,三月,十六,辛丑,牛,0,壬辰,乙巳,,,,,,
2021/4/28,星期三,2021,三月,十七,辛丑,牛,0,壬辰,丙午,,,,,,
2021/4/29,星期四,2021,三月,十八,辛丑,牛,0,壬辰,丁未,,,,,,
2021/4/30,星期五,2021,三月,十九,辛丑,牛,0,壬辰,戊申,,,,,,
2021/5/1,星期六,2021,三月,二十,辛丑,牛,0,壬辰,己酉,,,劳动节,,,
2021/5/2,星期日,2021,三月,廿一,辛丑,牛,0,壬辰,庚戌,,,,,,
2021/5/3,星期一,2021,三月,廿二,辛丑,牛,0,壬辰,辛亥,,,,,,
2021/5/4,星期二,2021,三月,廿三,辛丑,牛,0,壬辰,壬子,,,青年节,,,
2021/5/5,星期三,2021,三月,廿四,辛丑,牛,0,癸巳,癸丑,立夏,14:47:01,,,,
2021/5/6,星期四,2021,三月,廿五,辛丑,牛,0,癸巳,甲寅,,,,,,
2021/5/7,星期五,2021,三月,廿六,辛丑,牛,0,癸巳,乙卯,,,,,,
2021/5/8,星期六,2021,三月,廿七,辛丑,牛,0,癸巳,丙辰,,,,,,
2021/5/9,星期日,2021,三月,廿八,辛丑,牛,0,癸巳,丁巳,,,,,母亲节,
2021/5/10,星期一,2021,三月,廿九,辛丑,牛,0,癸巳,戊午,,,,,,
2021/5/11,星期二,2021,三月,三十,辛丑,牛,0,癸巳,己未,,,,,,
2021/5/12,星期三,2021,四月,初一,辛丑,牛,0,癸巳,庚申,,,,,,
2021/5/13,星期四,2021,四月,初二,辛丑,牛,0,癸巳,辛酉,,,,,,
2021/5/14,星期五,2021,四月,初三,辛丑,牛,0,癸巳,壬戌,,,,,,
2021/5/15,星期六,2021,四月,初四,辛丑,牛,0,癸巳,癸亥,,,,,,
2021/5/16,星期日,2021,四月,初五,辛丑,牛,0,癸巳,甲子,,,,,,
2021/5/17,星期一,2021,四月,初六,辛丑,牛,0,癸巳,乙丑,,,,,,
2021/5/18,星期二,2021,四月,初七,辛丑,牛,0,癸巳,丙寅,,,,,,
2021/5/19,星期三,2021,四月,初八,辛丑,牛,0,癸巳,丁卯,,,,,,
2021/5/20,星期四,2021,四月,初九,辛丑,牛,0,癸巳,戊辰,,,,,,
2021/5/21,星期五,2021,四月,初十 ,辛丑,牛,0,癸巳,己巳,小满,3:36:58,,,,
2021/5/22,星期六,2021,四月,十一,辛丑,牛,0,癸巳,庚午,,,,,,
2021/5/23,星期日,2021,四月,十二,辛丑,牛,0,癸巳,辛未,,,,,,
2021/5/24,星期一,2021,四月,十三,辛丑,牛,0,癸巳,壬申,,,,,,
2021/5/25,星期二,2021,四月,十四,辛丑,牛,0,癸巳,癸酉,,,,,,
2021/5/26,星期三,2021,四月,十五,辛丑,牛,0,癸巳,甲戌,,,,,,
2021/5/27,星期四,2021,四月,十六,辛丑,牛,0,癸巳,乙亥,,,,,,
2021/5/28,星期五,2021,四月,十七,辛丑,牛,0,癸巳,丙子,,,,,,
2021/5/29,星期六,2021,四月,十八,辛丑,牛,0,癸巳,丁丑,,,,,,
2021/5/30,星期日,2021,四月,十九,辛丑,牛,0,癸巳,戊寅,,,,,,
2021/5/31,星期一,2021,四月,二十,辛丑,牛,0,癸巳,己卯,,,,,,
2021/6/1,星期二,2021,四月,廿一,辛丑,牛,0,癸巳,庚辰,,,儿童节,,,
2021/6/2,星期三,2021,四月,廿二,辛丑,牛,0,癸巳,辛巳,,,,,,
2021/6/3,星期四,2021,四月,廿三,辛丑,牛,0,癸巳,壬午,,,,,,
2021/6/4,星期五,2021,四月,廿四,辛丑,牛,0,癸巳,癸未,,,,,,
2021/6/5,星期六,2021,四月,廿五,辛丑,牛,0,甲午,甲申,芒种,18:51:57,,,,
2021/6/6,星期日,2021,四月,廿六,辛丑,牛,0,甲午,乙酉,,,,,,
2021/6/7,星期一,2021,四月,廿七,辛丑,牛,0,甲午,丙戌,,,,,,
2021/6/8,星期二,2021,四月,廿八,辛丑,牛,0,甲午,丁亥,,,,,,
2021/6/9,星期三,2021,四月,廿九,辛丑,牛,0,甲午,戊子,,,,,,
2021/6/10,星期四,2021,五月,初一,辛丑,牛,0,甲午,己丑,,,,,,
2021/6/11,星期五,2021,五月,初二,辛丑,牛,0,甲午,庚寅,,,,,,
2021/6/12,星期六,2021,五月,初三,辛丑,牛,0,甲午,辛卯,,,,,,
2021/6/13,星期日,2021,五月,初四,辛丑,牛,0,甲午,壬辰,,,,,,
2021/6/14,星期一,2021,五月,初五,辛丑,牛,0,甲午,癸巳,,,,端午节,,
2021/6/15,星期二,2021,五月,初六,辛丑,牛,0,甲午,甲午,,,,,,
2021/6/16,星期三,2021,五月,初七,辛丑,牛,0,甲午,乙未,,,,,,
2021/6/17,星期四,2021,五月,初八,辛丑,牛,0,甲午,丙申,,,,,,
2021/6/18,星期五,2021,五月,初九,辛丑,牛,0,甲午,丁酉,,,,,,
2021/6/19,星期六,2021,五月,初十 ,辛丑,牛,0,甲午,戊戌,,,,,,
2021/6/20,星期日,2021,五月,十一,辛丑,牛,0,甲午,己亥,,,,,父亲节,
2021/6/21,星期一,2021,五月,十二,辛丑,牛,0,甲午,庚子,夏至,11:32:00,,,,
2021/6/22,星期二,2021,五月,十三,辛丑,牛,0,甲午,辛丑,,,,,,
2021/6/23,星期三,2021,五月,十四,辛丑,牛,0,甲午,壬寅,,,,,,
2021/6/24,星期四,2021,五月,十五,辛丑,牛,0,甲午,癸卯,,,,,,
2021/6/25,星期五,2021,五月,十六,辛丑,牛,0,甲午,甲辰,,,,,,
2021/6/26,星期六,2021,五月,十七,辛丑,牛,0,甲午,乙巳,,,,,,
2021/6/27,星期日,2021,五月,十八,辛丑,牛,0,甲午,丙午,,,,,,
2021/6/28,星期一,2021,五月,十九,辛丑,牛,0,甲午,丁未,,,,,,
2021/6/29,星期二,2021,五月,二十,辛丑,牛,0,甲午,戊申,,,,,,
2021/6/30,星期三,2021,五月,廿一,辛丑,牛,0,甲午,己酉,,,,,,
2021/7/1,星期四,2021,五月,廿二,辛丑,牛,0,甲午,庚戌,,,建党节,,,
2021/7/2,星期五,2021,五月,廿三,辛丑,牛,0,甲午,辛亥,,,,,,
2021/7/3,星期六,2021,五月,廿四,辛丑,牛,0,甲午,壬子,,,,,,
2021/7/4,星期日,2021,五月,廿五,辛丑,牛,0,甲午,癸丑,,,,,,
2021/7/5,星期一,2021,五月,廿六,辛丑,牛,0,甲午,甲寅,,,,,,
2021/7/6,星期二,2021,五月,廿七,辛丑,牛,0,甲午,乙卯,,,,,,
2021/7/7,星期三,2021,五月,廿八,辛丑,牛,0,乙未,丙辰,小暑,5:05:19,,,,
2021/7/8,星期四,2021,五月,廿九,辛丑,牛,0,乙未,丁巳,,,,,,
2021/7/9,星期五,2021,五月,三十,辛丑,牛,0,乙未,戊午,,,,,,
2021/7/10,星期六,2021,六月,初一,辛丑,牛,0,乙未,己未,,,,,,
2021/7/11,星期日,2021,六月,初二,辛丑,牛,0,乙未,庚申,,,,,,初伏第一天
2021/7/12,星期一,2021,六月,初三,辛丑,牛,0,乙未,辛酉,,,,,,初伏第二天
2021/7/13,星期二,2021,六月,初四,辛丑,牛,0,乙未,壬戌,,,,,,初伏第三天
2021/7/14,星期三,2021,六月,初五,辛丑,牛,0,乙未,癸亥,,,,,,初伏第四天
2021/7/15,星期四,2021,六月,初六,辛丑,牛,0,乙未,甲子,,,,,,初伏第五天
2021/7/16,星期五,2021,六月,初七,辛丑,牛,0,乙未,乙丑,,,,,,初伏第六天
2021/7/17,星期六,2021,六月,初八,辛丑,牛,0,乙未,丙寅,,,,,,初伏第七天
2021/7/18,星期日,2021,六月,初九,辛丑,牛,0,乙未,丁卯,,,,,,初伏第八天
2021/7/19,星期一,2021,六月,初十 ,辛丑,牛,0,乙未,戊辰,,,,,,初伏第九天
2021/7/20,星期二,2021,六月,十一,辛丑,牛,0,乙未,己巳,,,,,,初伏第十天
2021/7/21,星期三,2021,六月,十二,辛丑,牛,0,乙未,庚午,,,,,,中伏第一天
2021/7/22,星期四,2021,六月,十三,辛丑,牛,0,乙未,辛未,大暑,22:26:16,,,,中伏第二天
2021/7/23,星期五,2021,六月,十四,辛丑,牛,0,乙未,壬申,,,,,,中伏第三天
2021/7/24,星期六,2021,六月,十五,辛丑,牛,0,乙未,癸酉,,,,,,中伏第四天
2021/7/25,星期日,2021,六月,十六,辛丑,牛,0,乙未,甲戌,,,,,,中伏第五天
2021/7/26,星期一,2021,六月,十七,辛丑,牛,0,乙未,乙亥,,,,,,中伏第六天
2021/7/27,星期二,2021,六月,十八,辛丑,牛,0,乙未,丙子,,,,,,中伏第七天
2021/7/28,星期三,2021,六月,十九,辛丑,牛,0,乙未,丁丑,,,,,,中伏第八天
2021/7/29,星期四,2021,六月,二十,辛丑,牛,0,乙未,戊寅,,,,,,中伏第九天
2021/7/30,星期五,2021,六月,廿一,辛丑,牛,0,乙未,己卯,,,,,,中伏第十天
2021/7/31,星期六,2021,六月,廿二,辛丑,牛,0,乙未,庚辰,,,,,,闰中伏第一天
2021/8/1,星期日,2021,六月,廿三,辛丑,牛,0,乙未,辛巳,,,建军节,,,闰中伏第二天
2021/8/2,星期一,2021,六月,廿四,辛丑,牛,0,乙未,壬午,,,,,,闰中伏第三天
2021/8/3,星期二,2021,六月,廿五,辛丑,牛,0,乙未,癸未,,,,,,闰中伏第四天
2021/8/4,星期三,2021,六月,廿六,辛丑,牛,0,乙未,甲申,,,,,,闰中伏第五天
2021/8/5,星期四,2021,六月,廿七,辛丑,牛,0,乙未,乙酉,,,,,,闰中伏第六天
2021/8/6,星期五,2021,六月,廿八,辛丑,牛,0,乙未,丙戌,,,,,,闰中伏第七天
2021/8/7,星期六,2021,六月,廿九,辛丑,牛,0,丙申,丁亥,立秋,14:53:48,,,,闰中伏第八天
2021/8/8,星期日,2021,七月,初一,辛丑,牛,0,丙申,戊子,,,,,,闰中伏第九天
2021/8/9,星期一,2021,七月,初二,辛丑,牛,0,丙申,己丑,,,,,,闰中伏第十天
2021/8/10,星期二,2021,七月,初三,辛丑,牛,0,丙申,庚寅,,,,,,末伏第一天
2021/8/11,星期三,2021,七月,初四,辛丑,牛,0,丙申,辛卯,,,,,,末伏第二天
2021/8/12,星期四,2021,七月,初五,辛丑,牛,0,丙申,壬辰,,,,,,末伏第三天
2021/8/13,星期五,2021,七月,初六,辛丑,牛,0,丙申,癸巳,,,,,,末伏第四天
2021/8/14,星期六,2021,七月,初七,辛丑,牛,0,丙申,甲午,,,,七夕,,末伏第五天
2021/8/15,星期日,2021,七月,初八,辛丑,牛,0,丙申,乙未,,,,,,末伏第六天
2021/8/16,星期一,2021,七月,初九,辛丑,牛,0,丙申,丙申,,,,,,末伏第七天
2021/8/17,星期二,2021,七月,初十 ,辛丑,牛,0,丙申,丁酉,,,,,,末伏第八天
2021/8/18,星期三,2021,七月,十一,辛丑,牛,0,丙申,戊戌,,,,,,末伏第九天
2021/8/19,星期四,2021,七月,十二,辛丑,牛,0,丙申,己亥,,,,,,末伏第十天
2021/8/20,星期五,2021,七月,十三,辛丑,牛,0,丙申,庚子,,,,,,
2021/8/21,星期六,2021,七月,十四,辛丑,牛,0,丙申,辛丑,,,,,,
2021/8/22,星期日,2021,七月,十五,辛丑,牛,0,丙申,壬寅,,,,,,
2021/8/23,星期一,2021,七月,十六,辛丑,牛,0,丙申,癸卯,处暑,5:34:48,,,,
2021/8/24,星期二,2021,七月,十七,辛丑,牛,0,丙申,甲辰,,,,,,
2021/8/25,星期三,2021,七月,十八,辛丑,牛,0,丙申,乙巳,,,,,,
2021/8/26,星期四,2021,七月,十九,辛丑,牛,0,丙申,丙午,,,,,,
2021/8/27,星期五,2021,七月,二十,辛丑,牛,0,丙申,丁未,,,,,,
2021/8/28,星期六,2021,七月,廿一,辛丑,牛,0,丙申,戊申,,,,,,
2021/8/29,星期日,2021,七月,廿二,辛丑,牛,0,丙申,己酉,,,,,,
2021/8/30,星期一,2021,七月,廿三,辛丑,牛,0,丙申,庚戌,,,,,,
2021/8/31,星期二,2021,七月,廿四,辛丑,牛,0,丙申,辛亥,,,,,,
2021/9/1,星期三,2021,七月,廿五,辛丑,牛,0,丙申,壬子,,,,,,
2021/9/2,星期四,2021,七月,廿六,辛丑,牛,0,丙申,癸丑,,,,,,
2021/9/3,星期五,2021,七月,廿七,辛丑,牛,0,丙申,甲寅,,,,,,
2021/9/4,星期六,2021,七月,廿八,辛丑,牛,0,丙申,乙卯,,,,,,
2021/9/5,星期日,2021,七月,廿九,辛丑,牛,0,丙申,丙辰,,,,,,
2021/9/6,星期一,2021,七月,三十,辛丑,牛,0,丙申,丁巳,,,,,,
2021/9/7,星期二,2021,八月,初一,辛丑,牛,0,丁酉,戊午,白露,17:52:46,,,,
2021/9/8,星期三,2021,八月,初二,辛丑,牛,0,丁酉,己未,,,,,,
2021/9/9,星期四,2021,八月,初三,辛丑,牛,0,丁酉,庚申,,,,,,
2021/9/10,星期五,2021,八月,初四,辛丑,牛,0,丁酉,辛酉,,,,,,
2021/9/11,星期六,2021,八月,初五,辛丑,牛,0,丁酉,壬戌,,,,,,
2021/9/12,星期日,2021,八月,初六,辛丑,牛,0,丁酉,癸亥,,,,,,
2021/9/13,星期一,2021,八月,初七,辛丑,牛,0,丁酉,甲子,,,,,,
2021/9/14,星期二,2021,八月,初八,辛丑,牛,0,丁酉,乙丑,,,,,,
2021/9/15,星期三,2021,八月,初九,辛丑,牛,0,丁酉,丙寅,,,,,,
2021/9/16,星期四,2021,八月,初十 ,辛丑,牛,0,丁酉,丁卯,,,,,,
2021/9/17,星期五,2021,八月,十一,辛丑,牛,0,丁酉,戊辰,,,,,,
2021/9/18,星期六,2021,八月,十二,辛丑,牛,0,丁酉,己巳,,,,,,
2021/9/19,星期日,2021,八月,十三,辛丑,牛,0,丁酉,庚午,,,,,,
2021/9/20,星期一,2021,八月,十四,辛丑,牛,0,丁酉,辛未,,,,,,
2021/9/21,星期二,2021,八月,十五,辛丑,牛,0,丁酉,壬申,,,,中秋节,,
2021/9/22,星期三,2021,八月,十六,辛丑,牛,0,丁酉,癸酉,,,,,,
2021/9/23,星期四,2021,八月,十七,辛丑,牛,0,丁酉,甲戌,秋分,3:20:55,农民丰收节,,,
2021/9/24,星期五,2021,八月,十八,辛丑,牛,0,丁酉,乙亥,,,,,,
2021/9/25,星期六,2021,八月,十九,辛丑,牛,0,丁酉,丙子,,,,,,
2021/9/26,星期日,2021,八月,二十,辛丑,牛,0,丁酉,丁丑,,,,,,
2021/9/27,星期一,2021,八月,廿一,辛丑,牛,0,丁酉,戊寅,,,,,,
2021/9/28,星期二,2021,八月,廿二,辛丑,牛,0,丁酉,己卯,,,,,,
2021/9/29,星期三,2021,八月,廿三,辛丑,牛,0,丁酉,庚辰,,,,,,
2021/9/30,星期四,2021,八月,廿四,辛丑,牛,0,丁酉,辛巳,,,,,,
2021/10/1,星期五,2021,八月,廿五,辛丑,牛,0,丁酉,壬午,,,国庆节,,,
2021/10/2,星期六,2021,八月,廿六,辛丑,牛,0,丁酉,癸未,,,,,,
2021/10/3,星期日,2021,八月,廿七,辛丑,牛,0,丁酉,甲申,,,,,,
2021/10/4,星期一,2021,八月,廿八,辛丑,牛,0,丁酉,乙酉,,,,,,
2021/10/5,星期二,2021,八月,廿九,辛丑,牛,0,丁酉,丙戌,,,,,,
2021/10/6,星期三,2021,九月,初一,辛丑,牛,0,丁酉,丁亥,,,,,,
2021/10/7,星期四,2021,九月,初二,辛丑,牛,0,丁酉,戊子,,,,,,
2021/10/8,星期五,2021,九月,初三,辛丑,牛,0,戊戌,己丑,寒露,9:38:53,,,,
2021/10/9,星期六,2021,九月,初四,辛丑,牛,0,戊戌,庚寅,,,,,,
2021/10/10,星期日,2021,九月,初五,辛丑,牛,0,戊戌,辛卯,,,,,,
2021/10/11,星期一,2021,九月,初六,辛丑,牛,0,戊戌,壬辰,,,,,,
2021/10/12,星期二,2021,九月,初七,辛丑,牛,0,戊戌,癸巳,,,,,,
2021/10/13,星期三,2021,九月,初八,辛丑,牛,0,戊戌,甲午,,,,,,
2021/10/14,星期四,2021,九月,初九,辛丑,牛,0,戊戌,乙未,,,,重阳节,,
2021/10/15,星期五,2021,九月,初十 ,辛丑,牛,0,戊戌,丙申,,,,,,
2021/10/16,星期六,2021,九月,十一,辛丑,牛,0,戊戌,丁酉,,,,,,
2021/10/17,星期日,2021,九月,十二,辛丑,牛,0,戊戌,戊戌,,,,,,
2021/10/18,星期一,2021,九月,十三,辛丑,牛,0,戊戌,己亥,,,,,,
2021/10/19,星期二,2021,九月,十四,辛丑,牛,0,戊戌,庚子,,,,,,
2021/10/20,星期三,2021,九月,十五,辛丑,牛,0,戊戌,辛丑,,,,,,
2021/10/21,星期四,2021,九月,十六,辛丑,牛,0,戊戌,壬寅,,,,,,
2021/10/22,星期五,2021,九月,十七,辛丑,牛,0,戊戌,癸卯,,,,,,
2021/10/23,星期六,2021,九月,十八,辛丑,牛,0,戊戌,甲辰,霜降,12:51:00,,,,
2021/10/24,星期日,2021,九月,十九,辛丑,牛,0,戊戌,乙巳,,,,,,
2021/10/25,星期一,2021,九月,二十,辛丑,牛,0,戊戌,丙午,,,,,,
2021/10/26,星期二,2021,九月,廿一,辛丑,牛,0,戊戌,丁未,,,,,,
2021/10/27,星期三,2021,九月,廿二,辛丑,牛,0,戊戌,戊申,,,,,,
2021/10/28,星期四,2021,九月,廿三,辛丑,牛,0,戊戌,己酉,,,,,,
2021/10/29,星期五,2021,九月,廿四,辛丑,牛,0,戊戌,庚戌,,,,,,
2021/10/30,星期六,2021,九月,廿五,辛丑,牛,0,戊戌,辛亥,,,,,,
2021/10/31,星期日,2021,九月,廿六,辛丑,牛,0,戊戌,壬子,,,万圣节,,,
2021/11/1,星期一,2021,九月,廿七,辛丑,牛,0,戊戌,癸丑,,,,,,
2021/11/2,星期二,2021,九月,廿八,辛丑,牛,0,戊戌,甲寅,,,,,,
2021/11/3,星期三,2021,九月,廿九,辛丑,牛,0,戊戌,乙卯,,,,,,
2021/11/4,星期四,2021,九月,三十,辛丑,牛,0,戊戌,丙辰,,,,,,
2021/11/5,星期五,2021,十月,初一,辛丑,牛,0,戊戌,丁巳,,,,,,
2021/11/6,星期六,2021,十月,初二,辛丑,牛,0,戊戌,戊午,,,,,,
2021/11/7,星期日,2021,十月,初三,辛丑,牛,0,己亥,己未,立冬,12:58:37,,,,
2021/11/8,星期一,2021,十月,初四,辛丑,牛,0,己亥,庚申,,,,,,
2021/11/9,星期二,2021,十月,初五,辛丑,牛,0,己亥,辛酉,,,,,,
2021/11/10,星期三,2021,十月,初六,辛丑,牛,0,己亥,壬戌,,,,,,
2021/11/11,星期四,2021,十月,初七,辛丑,牛,0,己亥,癸亥,,,,,,
2021/11/12,星期五,2021,十月,初八,辛丑,牛,0,己亥,甲子,,,,,,
2021/11/13,星期六,2021,十月,初九,辛丑,牛,0,己亥,乙丑,,,,,,
2021/11/14,星期日,2021,十月,初十 ,辛丑,牛,0,己亥,丙寅,,,,,,
2021/11/15,星期一,2021,十月,十一,辛丑,牛,0,己亥,丁卯,,,,,,
2021/11/16,星期二,2021,十月,十二,辛丑,牛,0,己亥,戊辰,,,,,,
2021/11/17,星期三,2021,十月,十三,辛丑,牛,0,己亥,己巳,,,,,,
2021/11/18,星期四,2021,十月,十四,辛丑,牛,0,己亥,庚午,,,,,,
2021/11/19,星期五,2021,十月,十五,辛丑,牛,0,己亥,辛未,,,,,,
2021/11/20,星期六,2021,十月,十六,辛丑,牛,0,己亥,壬申,,,,,,
2021/11/21,星期日,2021,十月,十七,辛丑,牛,0,己亥,癸酉,,,,,,
2021/11/22,星期一,2021,十月,十八,辛丑,牛,0,己亥,甲戌,小雪,10:33:34,,,,
2021/11/23,星期二,2021,十月,十九,辛丑,牛,0,己亥,乙亥,,,,,,
2021/11/24,星期三,2021,十月,二十,辛丑,牛,0,己亥,丙子,,,,,,
2021/11/25,星期四,2021,十月,廿一,辛丑,牛,0,己亥,丁丑,,,,,,
2021/11/26,星期五,2021,十月,廿二,辛丑,牛,0,己亥,戊寅,,,,,,
2021/11/27,星期六,2021,十月,廿三,辛丑,牛,0,己亥,己卯,,,,,,
2021/11/28,星期日,2021,十月,廿四,辛丑,牛,0,己亥,庚辰,,,,,,
2021/11/29,星期一,2021,十月,廿五,辛丑,牛,0,己亥,辛巳,,,,,,
2021/11/30,星期二,2021,十月,廿六,辛丑,牛,0,己亥,壬午,,,,,,
2021/12/1,星期三,2021,十月,廿七,辛丑,牛,0,己亥,癸未,,,,,,
2021/12/2,星期四,2021,十月,廿八,辛丑,牛,0,己亥,甲申,,,,,,
2021/12/3,星期五,2021,十月,廿九,辛丑,牛,0,己亥,乙酉,,,,,,
2021/12/4,星期六,2021,冬月,初一,辛丑,牛,0,己亥,丙戌,,,,,,
2021/12/5,星期日,2021,冬月,初二,辛丑,牛,0,己亥,丁亥,,,,,,
2021/12/6,星期一,2021,冬月,初三,辛丑,牛,0,己亥,戊子,,,,,,
2021/12/7,星期二,2021,冬月,初四,辛丑,牛,0,庚子,己丑,大雪,5:56:55,,,,
2021/12/8,星期三,2021,冬月,初五,辛丑,牛,0,庚子,庚寅,,,,,,
2021/12/9,星期四,2021,冬月,初六,辛丑,牛,0,庚子,辛卯,,,,,,
2021/12/10,星期五,2021,冬月,初七,辛丑,牛,0,庚子,壬辰,,,,,,
2021/12/11,星期六,2021,冬月,初八,辛丑,牛,0,庚子,癸巳,,,,,,
2021/12/12,星期日,2021,冬月,初九,辛丑,牛,0,庚子,甲午,,,,,,
2021/12/13,星期一,2021,冬月,初十 ,辛丑,牛,0,庚子,乙未,,,,,,
2021/12/14,星期二,2021,冬月,十一,辛丑,牛,0,庚子,丙申,,,,,,
2021/12/15,星期三,2021,冬月,十二,辛丑,牛,0,庚子,丁酉,,,,,,
2021/12/16,星期四,2021,冬月,十三,辛丑,牛,0,庚子,戊戌,,,,,,
2021/12/17,星期五,2021,冬月,十四,辛丑,牛,0,庚子,己亥,,,,,,
2021/12/18,星期六,2021,冬月,十五,辛丑,牛,0,庚子,庚子,,,,,,
2021/12/19,星期日,2021,冬月,十六,辛丑,牛,0,庚子,辛丑,,,,,,
2021/12/20,星期一,2021,冬月,十七,辛丑,牛,0,庚子,壬寅,,,,,,
2021/12/21,星期二,2021,冬月,十八,辛丑,牛,0,庚子,癸卯,冬至,23:59:09,,,,一九第一天
2021/12/22,星期三,2021,冬月,十九,辛丑,牛,0,庚子,甲辰,,,,,,一九第二天
2021/12/23,星期四,2021,冬月,二十,辛丑,牛,0,庚子,乙巳,,,,,,一九第三天
2021/12/24,星期五,2021,冬月,廿一,辛丑,牛,0,庚子,丙午,,,平安夜,,,一九第四天
2021/12/25,星期六,2021,冬月,廿二,辛丑,牛,0,庚子,丁未,,,圣诞节,,,一九第五天
2021/12/26,星期日,2021,冬月,廿三,辛丑,牛,0,庚子,戊申,,,,,,一九第六天
2021/12/27,星期一,2021,冬月,廿四,辛丑,牛,0,庚子,己酉,,,,,,一九第七天
2021/12/28,星期二,2021,冬月,廿五,辛丑,牛,0,庚子,庚戌,,,,,,一九第八天
2021/12/29,星期三,2021,冬月,廿六,辛丑,牛,0,庚子,辛亥,,,,,,一九第九天
2021/12/30,星期四,2021,冬月,廿七,辛丑,牛,0,庚子,壬子,,,,,,二九第一天
2021/12/31,星期五,2021,冬月,廿八,辛丑,牛,0,庚子,癸丑,,,,,,二九第二天
